file_name,label,nose_x,nose_y,left_shoulder_x,left_shoulder_y,right_shoulder_x,right_shoulder_y,left_elbow_x,left_elbow_y,right_elbow_x,right_elbow_y,left_wrist_x,left_wrist_y,right_wrist_x,right_wrist_y,left_index_finger_x,left_index_finger_y,right_index_finger_x,right_index_finger_y,left_eye_x,left_eye_y,left_eye_z,right_eye_x,right_eye_y,right_eye_z
1.png,1,0.39815,0.23696,0.64389,0.24149,0.18594,0.26035,100,100,0.13573,0.44488,100,100,0.37454,0.2792,100,100,0.42289,0.22615,0.42905,0.21325,-1.19776,0.44822,0.2094,-1.19778
10.png,1,0.4928,0.19945,0.7421,0.26813,0.24721,0.25752,0.88096,0.42331,0.10365,0.40119,0.87432,0.46566,0.21003,0.45461,0.78585,0.47843,0.29121,0.45496,0.5372,0.17433,-2.24226,0.55929,0.17238,-2.24232
11.png,1,0.58573,0.20678,0.69265,0.24333,0.16902,0.24706,0.79034,0.37835,0.19282,0.42056,0.83552,0.42993,0.64283,0.39478,100,100,0.76049,0.37461,0.59334,0.18592,-1.19082,0.60042,0.18438,-1.19136
12.png,1,0.47479,0.17545,0.73265,0.249,0.24676,0.22524,0.90738,0.42436,0.13274,0.40182,0.84212,0.23967,0.3076,0.44548,0.77152,0.1724,0.38361,0.44329,0.52496,0.15134,-0.75358,0.55019,0.15086,-0.75364
13.png,1,0.48523,0.16418,0.72697,0.24675,0.25722,0.23115,0.88395,0.43365,0.1393,0.40117,0.81386,0.25211,0.2816,0.44963,0.73514,0.19496,0.34998,0.44395,0.52214,0.1355,-0.8364,0.54351,0.13338,-0.83644
14.png,1,0.47685,0.15355,0.73908,0.27402,0.21365,0.27596,0.84134,0.44366,0.14057,0.43722,0.9007,0.47804,0.28087,0.46966,0.92486,0.46051,0.38663,0.46956,0.51132,0.12936,-0.79644,0.53019,0.1293,-0.7966
15.png,1,0.45632,0.16533,0.6905,0.25792,0.20859,0.27163,0.82743,0.41629,0.13082,0.42288,0.93259,0.48019,0.28326,0.46166,0.90134,0.47535,0.36277,0.45875,0.47971,0.13844,-0.90584,0.4964,0.13646,-0.90596
16.png,1,0.3745,0.14725,0.72963,0.26398,0.26729,0.24557,0.90553,0.46427,0.12318,0.41993,0.78874,0.28014,0.29362,0.46466,0.70738,0.22547,0.35872,0.44149,0.41429,0.12466,-0.66352,0.43846,0.12514,-0.66355
17.png,1,0.88284,0.183,0.79994,0.29041,0.34941,0.25416,0.93729,0.43129,0.17471,0.39889,0.73974,0.28892,0.18097,0.44646,0.66882,0.23807,0.19577,0.44001,0.88213,0.15773,-0.38684,0.88121,0.15688,-0.38703
18.png,1,0.74029,0.15035,0.74384,0.2646,0.27577,0.251,0.91824,0.42182,0.13455,0.42037,0.82372,0.25874,0.10929,0.46735,0.77888,0.20458,0.08897,0.45762,0.73489,0.12296,-0.55804,0.73742,0.12245,-0.55824
19.png,1,0.80875,0.14532,0.83303,0.25748,0.31589,0.24702,0.96655,0.41744,0.12507,0.41111,0.95593,0.43621,0.18401,0.44089,0.91721,0.41635,0.23885,0.42906,0.79755,0.11857,-0.46959,0.79692,0.11795,-0.46996
2.png,1,0.39815,0.23696,0.64389,0.24149,0.18594,0.26035,100,100,0.13573,0.44488,100,100,0.37454,0.2792,100,100,0.42289,0.22615,0.42905,0.21325,-1.19776,0.44822,0.2094,-1.19778
20.png,1,0.18056,0.14782,0.70746,0.24646,0.18225,0.25665,0.81977,0.41332,0.08553,0.41632,0.91149,0.45064,0.11086,0.44152,0.94929,0.4624,0.17595,0.44167,0.20625,0.12425,-0.59413,0.22493,0.12179,-0.59413
21.png,1,0.70912,0.13508,0.70488,0.25466,0.21187,0.24549,0.79177,0.39869,0.09264,0.40746,0.8809,0.44759,0.12279,0.44171,0.91782,0.47243,0.15601,0.43631,0.69707,0.1097,-0.18564,0.69355,0.10911,-0.18603
22.png,1,0.69857,0.13208,0.70025,0.2556,0.23204,0.24654,0.77824,0.40429,0.13314,0.41335,0.86761,0.45649,0.14898,0.45884,0.91299,0.48375,0.19625,0.45999,0.68776,0.10576,-0.18547,0.68453,0.10503,-0.18586
23.png,1,0.55991,0.18596,0.59837,0.28323,0.18834,0.27312,0.71936,0.41514,0.11301,0.44824,0.78005,0.42524,0.34045,0.28838,0.75925,0.4385,0.43891,0.24938,0.55616,0.16562,-0.1839,0.56115,0.16574,-0.18424
28.png,1,0.56768,0.22265,0.81441,0.24909,0.33744,0.23024,0.87992,0.41371,0.20858,0.37085,0.88256,0.44307,0.11461,0.44634,0.84337,0.46053,0.08153,0.44431,0.61507,0.19425,-1.07745,0.63601,0.1927,-1.07739
29.png,1,0.65827,0.17011,0.80588,0.2172,0.52754,0.20625,0.83231,0.41085,0.47773,0.38033,0.7825,0.46467,0.3811,0.47475,0.77249,0.45879,0.35462,0.47669,0.68423,0.14409,-0.77253,0.69686,0.14261,-0.77267
3.png,1,0.42971,0.23143,0.6926,0.21297,0.24055,0.22436,0.86692,0.36108,0.04861,0.40224,0.81494,0.44426,0.2451,0.44492,0.76146,0.47141,0.32003,0.44159,0.45455,0.18274,-1.24168,0.47645,0.17735,-1.2418
30.png,1,0.69797,0.15987,0.78229,0.20944,0.2836,0.20039,0.80362,0.39113,0.15085,0.38867,0.96515,0.508,0.31915,0.43866,1.00969,0.54038,0.36492,0.43876,0.71479,0.13549,-1.36651,0.72234,0.13488,-1.36677
31.png,1,0.61735,0.20984,0.88293,0.27002,0.61651,0.27078,0.93158,0.44803,0.51479,0.36121,0.75658,0.492,0.34355,0.3587,0.68886,0.5082,0.28972,0.35074,0.6283,0.18447,-0.07259,0.63605,0.18336,-0.07267
32.png,1,0.35446,0.20882,0.47641,0.25969,0.13288,0.27086,0.58924,0.34871,-0.00089,0.41886,0.8236,0.34735,0.17757,0.46647,0.89246,0.33488,0.26992,0.46156,0.38125,0.17865,-0.66747,0.39604,0.17664,-0.66759
33.png,1,0.65766,0.18752,0.50558,0.27981,0.23141,0.27355,100,100,-0.00669,0.43328,100,100,0.27187,0.47117,100,100,0.39168,0.46166,0.65248,0.16225,-0.27381,0.65009,0.16092,-0.27432
34.png,1,0.71471,0.18577,0.8219,0.27879,0.28858,0.27107,0.91544,0.43393,0.11532,0.43139,0.793,0.48275,0.27362,0.4757,0.70069,0.49684,0.34293,0.47845,0.72494,0.16296,-0.67097,0.73525,0.16173,-0.67135
35.png,1,0.47288,0.20232,0.77212,0.27123,0.23042,0.27948,0.905,0.42325,0.07959,0.42249,100,100,0.16975,0.46107,100,100,0.25854,0.45041,0.51257,0.17309,-0.93172,0.53454,0.17089,-0.93181
36.png,1,0.48436,0.17311,0.60742,0.24977,0.29167,0.27891,0.77049,0.33925,0.19828,0.41256,0.9588,0.39404,0.2662,0.45075,1.02382,0.39931,0.30639,0.4429,0.48986,0.14669,-0.54513,0.50021,0.14439,-0.54522
37.png,1,0.69976,0.18685,0.84536,0.28219,0.56323,0.27566,0.91619,0.42605,0.39904,0.36912,0.84962,0.46872,0.20538,0.42733,0.79636,0.4691,0.13888,0.43725,0.73108,0.16272,-0.29777,0.74424,0.16428,-0.29784
38.png,1,0.23611,0.22146,0.49723,0.28092,0.06595,0.29745,0.66749,0.41593,-0.02949,0.43384,0.97211,0.47752,0.13934,0.47783,1.06299,0.4844,0.22757,0.46936,0.2712,0.19364,-1.15917,0.29059,0.19074,-1.15919
39.png,1,0.47051,0.17648,0.59607,0.26291,0.26499,0.28155,0.78302,0.38168,0.1994,0.4311,0.99602,0.44287,0.34392,0.47228,1.06271,0.44327,0.4129,0.4676,0.47371,0.15128,-0.90963,0.48264,0.14935,-0.90983
4.png,1,0.45936,0.24321,0.7073,0.22002,0.26191,0.23522,0.85752,0.35862,0.06669,0.40907,0.8359,0.4579,0.24718,0.45383,0.78618,0.48112,0.3304,0.45275,0.48241,0.20244,-1.59894,0.50523,0.2002,-1.59891
40.png,1,0.82168,0.20047,0.87595,0.31152,0.57346,0.2909,0.93838,0.45995,0.39075,0.38873,0.70625,0.46442,0.19142,0.43971,100,100,0.10859,0.44923,0.82691,0.1767,-0.47838,0.83217,0.1769,-0.47851
41.png,1,0.74863,0.17777,0.88067,0.2644,0.5928,0.24246,0.92491,0.42445,0.41347,0.35954,0.71047,0.44104,0.18672,0.42261,0.64673,0.43773,0.10672,0.42564,0.78238,0.15634,-0.6259,0.79515,0.15832,-0.62611
42.png,1,0.90112,0.25208,0.88861,0.3552,0.46296,0.28843,0.81477,0.54495,0.27627,0.43297,0.52001,0.54583,0.18644,0.5613,0.42166,0.52127,0.17351,0.59965,0.91399,0.22105,-0.80466,0.9198,0.22068,-0.80478
43.png,1,0.94181,0.23669,0.87388,0.31965,0.44905,0.30218,100,100,0.38219,0.50944,100,100,0.74506,0.51047,100,100,0.8305,0.48441,0.94936,0.20892,-0.71833,0.94963,0.20802,-0.71846
44.png,1,0.64191,0.15692,0.81285,0.26788,0.46805,0.27029,0.81599,0.46625,0.47348,0.4693,100,100,0.70018,0.4711,100,100,0.78406,0.45344,0.66641,0.1254,-0.76387,0.68042,0.12456,-0.76379
45.png,1,0.55318,0.19394,0.81143,0.28207,0.48684,0.28487,0.77246,0.45827,0.50049,0.46311,0.53272,0.46515,0.71971,0.46339,0.47525,0.43271,0.80759,0.44036,0.58077,0.17167,-0.80166,0.59659,0.17298,-0.80153
46.png,1,0.19982,0.16671,0.74643,0.2417,0.22813,0.26247,0.83997,0.41527,0.15732,0.4159,0.89154,0.43618,0.19948,0.4408,0.8634,0.4567,0.24877,0.43782,0.2125,0.14267,-0.56265,0.22806,0.1402,-0.56254
47.png,1,0.76557,0.12954,0.70366,0.23981,0.2823,0.21953,0.78587,0.37737,0.19991,0.41193,0.889,0.45126,0.23424,0.45195,0.9235,0.46252,0.27919,0.44387,0.77016,0.10613,-0.34111,0.76935,0.10548,-0.34152
48.png,1,0.1985,0.16569,0.76131,0.26391,0.21322,0.2846,0.873,0.43906,0.13532,0.43953,0.91686,0.44355,0.18826,0.47087,0.88083,0.46995,0.25339,0.46864,0.22494,0.1411,-0.60696,0.23992,0.13923,-0.6067
49.png,1,0.69293,0.16404,0.68154,0.27886,0.33851,0.2649,0.76865,0.42096,0.2377,0.43507,0.89363,0.47085,0.52025,0.44786,0.93933,0.47539,0.61029,0.44108,0.68584,0.1406,-0.19789,0.68453,0.1398,-0.19814
5.png,1,0.50269,0.20228,0.69766,0.23599,0.29462,0.22823,0.87092,0.40195,0.16577,0.38762,0.79327,0.32793,0.2374,0.437,100,100,0.27857,0.44038,0.5402,0.17066,-1.60035,0.56442,0.16736,-1.60026
50.png,1,0.66284,0.16606,0.62085,0.26912,0.30232,0.26006,0.7269,0.39871,0.17473,0.42767,0.87984,0.43618,0.48631,0.43587,0.93868,0.44744,0.57777,0.42499,0.65795,0.14565,-0.24287,0.65654,0.14507,-0.24317
51.png,1,0.81044,0.21017,0.83796,0.27819,0.47596,0.28277,0.80627,0.43755,0.37628,0.41859,0.63109,0.45395,0.45602,0.46971,0.55326,0.44555,0.50124,0.46353,0.80254,0.1816,-0.5465,0.80492,0.1782,-0.54654
52.png,1,0.53446,0.19624,0.91112,0.27555,0.32442,0.27367,0.88401,0.44709,0.15943,0.42107,0.57621,0.46464,0.28701,0.46959,0.44639,0.45639,0.36463,0.46081,0.60283,0.17223,-1.39882,0.63688,0.17529,-1.39844
53.png,1,0.70666,0.177,0.95158,0.2262,0.3829,0.23487,1.10338,0.41001,0.29464,0.3999,0.94126,0.4372,0.30971,0.42856,0.84073,0.46515,0.3552,0.42094,0.74559,0.1419,-1.34048,0.76993,0.1393,-1.3406
54.png,1,0.38757,0.16878,0.80074,0.28528,0.21411,0.27944,0.90069,0.44542,0.11442,0.4399,0.8975,0.47982,0.17315,0.47926,0.83411,0.49003,0.24634,0.48079,0.44034,0.14266,-0.38752,0.46968,0.14251,-0.38741
55.png,1,0.65225,0.15526,0.8123,0.2718,0.23474,0.27025,0.91201,0.4267,0.1409,0.44314,0.90151,0.46157,0.1495,0.46898,0.84276,0.48125,0.21858,0.46159,0.65998,0.13092,-0.92015,0.67305,0.1304,-0.92048
56.png,1,0.77682,0.16734,0.77643,0.2657,0.25901,0.25837,0.88872,0.4206,0.15847,0.42368,0.9022,0.47257,0.15629,0.4508,0.88589,0.46598,0.21727,0.44569,0.77441,0.14371,-0.46263,0.77414,0.14334,-0.46292
57.png,1,0.72758,0.14212,0.81702,0.2573,0.2128,0.25268,0.90615,0.41972,0.10868,0.41669,0.87755,0.44665,0.13031,0.44116,0.78841,0.4603,0.20407,0.43845,0.72732,0.11671,-0.79671,0.73457,0.11646,-0.79713
58.png,1,0.23642,0.15177,0.73821,0.26268,0.16973,0.2648,0.88482,0.43383,0.11926,0.42986,0.91348,0.45903,0.19751,0.46355,0.84541,0.47387,0.28846,0.46937,0.28677,0.12566,-0.77868,0.31611,0.12502,-0.77867
59.png,1,0.77237,0.19443,0.75189,0.29024,0.38626,0.27456,0.82274,0.43666,0.27799,0.43342,0.80985,0.44654,0.29884,0.45304,0.77777,0.43849,0.35167,0.44951,0.77158,0.16713,-0.33225,0.77167,0.16605,-0.33256
6.png,1,0.48994,0.21447,0.70844,0.24092,0.25694,0.23956,0.9012,0.42206,0.09707,0.41366,0.73228,0.2561,0.3181,0.45656,0.63124,0.2081,0.41318,0.45203,0.52362,0.19215,-1.00203,0.54281,0.1915,-1.00178
60.png,1,0.19431,0.21749,0.62652,0.25218,0.21238,0.27345,0.77055,0.39558,0.19604,0.41234,0.85532,0.4446,0.25077,0.45262,0.84846,0.46417,0.28953,0.45419,0.21788,0.19102,-0.41912,0.2325,0.18991,-0.41923
61.png,1,0.18599,0.20822,0.64227,0.24588,0.19372,0.26142,0.78409,0.38828,0.22122,0.40053,0.86984,0.46508,0.27999,0.4559,0.88004,0.4807,0.32845,0.46014,0.20111,0.18099,-0.89528,0.21633,0.17973,-0.89542
64.png,1,0.06817,0.25995,0.46759,0.27893,0.15129,0.32878,0.64743,0.41595,0.22274,0.47158,0.86355,0.49193,0.31557,0.49317,0.91622,0.50678,0.35532,0.48519,0.0732,0.2279,-0.66103,0.08181,0.22553,-0.66118
7.png,1,0.49268,0.1942,0.68438,0.20222,0.31551,0.22272,0.82701,0.33208,0.12177,0.39123,0.67287,0.23611,0.34885,0.43331,0.58022,0.19275,0.4425,0.43793,0.5195,0.17487,-1.05127,0.54231,0.17558,-1.05101
8.png,1,0.5614,0.24656,0.68884,0.22462,0.22916,0.21565,0.85805,0.336,0.08407,0.37102,0.82935,0.42415,0.19092,0.4179,0.77003,0.4459,0.25554,0.42675,0.60423,0.22585,-1.20623,0.61874,0.22545,-1.20629
9.png,1,0.50633,0.19683,0.80408,0.26336,0.27977,0.25759,0.89787,0.39205,0.19989,0.39963,0.94615,0.46581,0.17413,0.46333,0.9211,0.48597,0.15183,0.45987,0.54859,0.1718,-2.13415,0.57544,0.16954,-2.13444
Screenshot_2023-04-29-21-59-50-652_com.facebook.orca.jpg,1,0.64765,0.1406,0.71992,0.27417,0.20557,0.26837,0.86279,0.43659,0.10502,0.44665,0.9788,0.4723,0.49624,0.46072,0.99156,0.47475,0.6239,0.44907,0.63366,0.11721,-0.45996,0.63793,0.11688,-0.46039
Screenshot_2023-04-29-22-00-19-804_com.facebook.orca.png,1,0.59529,0.17378,0.54201,0.27372,0.19429,0.24912,0.61787,0.41024,0.1003,0.42771,0.73326,0.47576,0.19082,0.47478,0.77863,0.49361,0.23959,0.47019,0.59351,0.14933,-0.19501,0.59041,0.14819,-0.19543
Screenshot_2023-04-29-22-00-22-126_com.facebook.orca.png,1,0.60266,0.18382,0.55706,0.28334,0.1872,0.26444,0.61302,0.42545,0.09548,0.4435,0.72988,0.47302,0.19044,0.47605,0.76949,0.49145,0.24297,0.46865,0.59986,0.15944,-0.18191,0.59761,0.15864,-0.18235
Screenshot_2023-04-29-22-00-37-296_com.facebook.orca.png,1,0.64887,0.18591,0.5973,0.29033,0.2226,0.26893,0.65312,0.4245,0.112,0.43576,0.75343,0.48803,0.14152,0.4724,0.79443,0.48511,0.19232,0.47225,0.64753,0.16298,-0.19753,0.64582,0.16184,-0.19791
Screenshot_2023-04-29-22-00-40-136_com.facebook.orca.png,1,0.70874,0.20508,0.59978,0.28744,0.26283,0.25012,0.66624,0.40911,0.13443,0.41204,0.7571,0.46797,0.11312,0.46425,0.76686,0.48554,0.15341,0.47303,0.71825,0.18162,-0.14263,0.71611,0.18044,-0.14307
Screenshot_2023-04-29-22-02-21-380_com.facebook.orca.png,1,0.90231,0.19583,0.82845,0.30892,0.32054,0.25644,0.67677,0.48811,0.23326,0.46206,0.3168,0.4718,0.6223,0.48971,0.20283,0.46133,0.73624,0.47225,0.90296,0.16886,-1.19516,0.90524,0.16794,-1.19547
Screenshot_2023-04-29-22-05-32-973_com.facebook.orca.png,1,0.46489,0.17946,0.77577,0.25992,0.23806,0.26502,0.89469,0.44941,0.10311,0.42007,0.66523,0.49458,0.16056,0.45845,100,100,0.23607,0.44856,0.50654,0.14827,-0.61254,0.53023,0.14548,-0.61272
Screenshot_2023-04-29-22-05-37-248_com.facebook.orca.png,1,0.49424,0.18384,0.77486,0.25488,0.23773,0.26736,0.90132,0.43025,0.08772,0.41847,0.85601,0.51312,0.13733,0.45941,0.80666,0.53854,0.19896,0.45205,0.52678,0.15226,-1.5518,0.54673,0.14981,-1.5517
Screenshot_2023-04-29-22-05-46-319_com.facebook.orca.jpg,1,0.69471,0.20131,0.83874,0.28472,0.28218,0.2754,0.94029,0.42591,0.10798,0.41874,0.82173,0.47444,0.15173,0.48168,0.71745,0.48936,0.18147,0.4968,0.7208,0.17637,-0.9308,0.73608,0.17476,-0.93122
Screenshot_2023-04-29-22-05-47-768_com.facebook.orca.png,1,0.82551,0.15731,0.93133,0.25565,0.40922,0.2461,1.08432,0.40647,0.23844,0.42505,0.93204,0.47301,0.43889,0.47867,0.84207,0.48823,0.53078,0.48782,0.83318,0.13244,-1.10447,0.84274,0.13173,-1.10464
Screenshot_2023-04-29-22-05-51-839_com.facebook.orca.jpg,1,0.68012,0.16845,0.78449,0.27681,0.2978,0.27069,0.87669,0.47196,0.13099,0.44583,0.7615,0.37028,0.16142,0.53852,0.75511,0.3073,100,100,0.6864,0.14282,-0.90871,0.69623,0.14195,-0.909
Screenshot_2023-04-29-22-05-57-078_com.facebook.orca.png,1,0.64307,0.17184,0.48231,0.25282,0.22631,0.24262,100,100,0.02338,0.39764,0.81498,0.33413,0.2841,0.43318,0.90199,0.31866,0.3709,0.43048,0.63722,0.14676,-0.22692,0.63423,0.14535,-0.22753
Screenshot_2023-04-29-22-05-59-454_com.facebook.orca.png,1,0.64513,0.16723,0.49762,0.2585,0.22428,0.2419,100,100,0.01035,0.39872,100,100,0.28309,0.43297,100,100,0.39386,0.42554,0.63419,0.14104,-0.22488,0.63144,0.13994,-0.22549
Screenshot_2023-04-29-22-06-09-071_com.facebook.orca.png,1,0.40898,0.19467,0.53101,0.2543,0.13187,0.25771,0.63982,0.33739,-0.019,0.4053,0.91238,0.3303,0.20809,0.44951,0.9923,0.32307,0.30364,0.44437,0.43462,0.16814,-0.63839,0.44984,0.16584,-0.63865
Screenshot_2023-04-29-22-06-10-659_com.facebook.orca.png,1,0.4023,0.20339,0.52911,0.25224,0.12969,0.26274,0.6268,0.33798,-0.01958,0.39234,0.88018,0.3404,0.11963,0.44237,0.96073,0.33118,0.21237,0.44621,0.42434,0.17912,-1.05409,0.4391,0.17657,-1.05435
Screenshot_2023-04-29-22-06-23-432_com.facebook.orca.png,1,0.50201,0.15965,0.95881,0.22676,0.52083,0.22895,1.07083,0.39995,0.40199,0.3203,0.78829,0.46143,0.13337,0.29854,0.6746,0.48252,0.04922,0.28018,0.52048,0.13382,-0.12539,0.53182,0.13252,-0.1255
Screenshot_2023-04-29-22-06-26-173_com.facebook.orca.png,1,0.50108,0.16298,0.95935,0.22445,0.52072,0.2191,1.04225,0.39666,0.39857,0.311,0.7784,0.4577,0.11563,0.28972,0.67248,0.47601,0.02662,0.27127,0.51843,0.13603,-0.07303,0.52901,0.13463,-0.07323
Screenshot_2023-04-29-22-06-50-513_com.facebook.orca.png,1,0.8556,0.16148,0.97195,0.2548,0.46741,0.25081,1.05613,0.41317,0.29891,0.33628,0.8168,0.47441,-0.01287,0.33957,0.69406,0.49247,-0.13802,0.33662,0.86742,0.13675,-0.68538,0.87952,0.13632,-0.68615
Screenshot_2023-04-29-22-08-02-933_com.facebook.orca.png,1,0.64976,0.49195,0.93995,0.57064,0.34306,0.49302,0.96869,0.89056,0.16052,0.84495,100,100,0.01037,1.06585,100,100,-0.13183,1.22448,0.70233,0.4316,-2.78546,0.73009,0.42909,-2.78569
Screenshot_2023-04-29-22-08-25-567_com.google.android.apps.tachyon.png,1,0.63911,0.11067,0.8951,0.24897,0.29104,0.24946,0.96648,0.43387,0.18339,0.41898,100,100,0.20575,0.45836,100,100,0.26592,0.45774,0.67746,0.08514,-1.25357,0.69954,0.08596,-1.25398
Screenshot_2023-04-29-22-09-08-889_com.facebook.orca.jpg,1,0.17561,0.1688,0.702,0.21635,0.20464,0.2871,0.92494,0.32525,0.17713,0.42771,0.94917,0.4155,100,100,0.91756,0.44116,100,100,0.19203,0.14329,-0.38248,0.21707,0.13806,-0.38246
Screenshot_2023-04-29-22-10-51-589_com.facebook.orca.png,1,0.17617,0.21421,0.59649,0.29466,0.10956,0.30259,0.71819,0.42403,0.07228,0.44764,0.8297,0.45188,0.24771,0.32099,0.87637,0.47641,0.30731,0.27854,0.21322,0.19055,-0.83479,0.23912,0.18921,-0.835
Screenshot_2023-04-29-22-10-56-509_com.facebook.orca.png,1,0.13877,0.19497,0.61463,0.26181,0.10739,0.28124,0.72052,0.41032,0.12741,0.44392,0.82977,0.44156,0.27265,0.29248,0.90021,0.46803,0.34048,0.24299,0.17128,0.1677,-0.96482,0.19283,0.16504,-0.96511
Screenshot_2023-04-29-22-11-08-592_com.facebook.orca.png,1,0.69263,0.1508,0.6826,0.25522,0.21892,0.25278,0.78073,0.38064,0.1117,0.40722,0.87528,0.42963,0.14807,0.4413,0.90301,0.45455,0.19332,0.43706,0.67841,0.12785,-0.30613,0.67475,0.12723,-0.30661
Screenshot_2023-04-29-22-11-10-674_com.facebook.orca.png,1,0.78297,0.15748,0.75575,0.26263,0.21908,0.25842,0.86515,0.39385,0.09379,0.40067,100,100,0.0744,0.43445,100,100,0.13405,0.4344,0.76757,0.13569,-0.37228,0.76415,0.13525,-0.37274
Screenshot_2023-04-29-22-12-04-101_com.facebook.orca.png,1,0.49466,0.1464,0.71308,0.2619,0.15866,0.28443,0.83846,0.40241,0.0864,0.42819,0.9786,0.47391,0.1551,0.45404,1.02136,0.49734,0.23075,0.44796,0.48451,0.12621,-1.14609,0.49466,0.1261,-1.14649
Screenshot_2023-04-29-22-12-43-785_com.facebook.orca.png,1,0.40666,0.1882,0.80963,0.26497,0.30844,0.26255,0.96215,0.42538,0.12268,0.40819,0.89245,0.26634,0.27324,0.43994,0.83374,0.22057,0.34386,0.4273,0.44953,0.16732,-0.8833,0.47494,0.1681,-0.88323
Screenshot_2023-04-29-22-12-45-523_com.facebook.orca.png,1,0.4095,0.18593,0.80376,0.27002,0.28082,0.26061,0.95836,0.42148,0.09719,0.40353,0.87556,0.26317,0.26485,0.44053,0.8325,0.221,0.33892,0.42507,0.45686,0.16657,-0.83746,0.48376,0.1671,-0.83752
Screenshot_2023-04-29-22-12-51-223_com.facebook.orca.jpg,1,0.37818,0.18865,0.79355,0.26813,0.26974,0.26893,0.94267,0.42323,0.10849,0.40594,0.86574,0.27288,0.16368,0.43439,0.79959,0.22835,0.23621,0.42784,0.41962,0.16897,-1.13257,0.44397,0.16946,-1.13258
Screenshot_2023-04-29-22-15-05-762_com.facebook.orca.jpg,1,0.95117,0.20012,0.86111,0.26704,0.50831,0.27188,0.90134,0.3962,0.43027,0.42303,0.93829,0.44211,100,100,0.94044,0.43869,100,100,0.94287,0.17515,-0.50792,0.94232,0.17384,-0.50856
Screenshot_2023-04-29-22-16-16-388_com.facebook.orca.jpg,1,0.47848,0.16038,0.71414,0.26739,0.20234,0.27795,0.84554,0.44263,0.13707,0.4329,0.87344,0.46157,0.27821,0.4615,0.88213,0.44039,0.37419,0.45863,0.5007,0.13427,-0.89875,0.51682,0.1331,-0.89882
Screenshot_2023-04-29-22-16-32-372_com.facebook.orca.jpg,1,0.51761,0.19718,0.75702,0.27357,0.24135,0.25598,0.92383,0.43611,0.11689,0.41045,0.84229,0.26833,0.29542,0.45587,0.77129,0.22136,0.37935,0.4498,0.56808,0.17242,-1.19036,0.59058,0.17153,-1.19037
Screenshot_2023-04-29-22-17-04-446_com.facebook.orca.jpg,1,0.95938,0.16998,0.8785,0.27118,0.45112,0.2252,0.9677,0.41008,0.22675,0.35868,0.71266,0.27735,0.32335,0.43047,0.6654,0.22969,0.38846,0.44119,0.95157,0.1437,-0.3092,0.95065,0.14223,-0.30952
Screenshot_2023-04-29-22-22-33-665_com.facebook.orca.jpg,1,0.54609,0.21257,0.75238,0.27759,0.24242,0.2824,0.87082,0.39122,0.16047,0.40637,0.91489,0.45117,0.15337,0.46963,0.88954,0.45928,0.14316,0.47051,0.56817,0.18801,-1.85035,0.58611,0.18554,-1.85059
Screenshot_2023-04-29-22-24-20-447_com.facebook.orca.jpg,1,0.37472,0.2207,0.69399,0.20612,0.20636,0.22391,0.8654,0.33452,0.06205,0.34854,0.84949,0.38159,0.22291,0.38575,0.78923,0.40442,0.28666,0.38463,0.40862,0.19064,-1.23798,0.43412,0.18503,-1.238
Screenshot_2023-04-29-22-24-35-677_com.facebook.orca.jpg,1,0.4403,0.22772,0.68651,0.20791,0.24599,0.22362,0.83603,0.31442,0.0542,0.36466,0.82502,0.40525,0.25949,0.3975,0.7693,0.42404,0.36518,0.39872,0.47691,0.20606,-4.01776,0.49864,0.20353,-4.01752
Screenshot_2023-04-29-22-24-59-125_com.facebook.orca.jpg,1,0.53211,0.22386,0.70018,0.25159,0.27192,0.23401,0.87628,0.38012,0.15608,0.35458,0.75729,0.25864,0.16706,0.4101,0.67664,0.21025,0.21511,0.42539,0.57184,0.18825,-1.51423,0.59052,0.18566,-1.51409
Screenshot_2023-04-29-22-25-43-923_com.facebook.orca.jpg,1,0.47625,0.20781,0.65867,0.22979,0.2738,0.23126,0.76779,0.33102,0.13248,0.37681,0.66773,0.24283,0.26632,0.41038,0.59883,0.20347,0.33269,0.41877,0.51971,0.18869,-0.6618,0.53894,0.1878,-0.66194
Screenshot_2023-04-29-22-27-12-027_com.facebook.orca.jpg,1,0.6817,0.15573,0.78295,0.26411,0.28536,0.25761,0.9214,0.41178,0.1856,0.40937,0.84481,0.44706,0.32369,0.44925,0.74868,0.45515,0.41777,0.4467,0.68743,0.13142,-0.92649,0.69649,0.1312,-0.92664
1.png,0,0.57219,0.18519,0.80159,0.27762,0.27073,0.26607,0.91064,0.4387,0.15122,0.42869,0.8751,0.47435,0.25991,0.46486,0.79217,0.47413,0.33458,0.46774,0.61291,0.1606,-1.60809,0.63403,0.15997,-1.60811
10.png,0,0.4936,0.19437,0.72595,0.30877,0.25723,0.30818,0.92256,0.47626,0.10279,0.47557,0.64197,0.32831,0.41096,0.32426,0.57157,0.28319,0.45134,0.26739,0.54331,0.16982,-0.76407,0.56296,0.17097,-0.76408
11.png,0,0.45635,0.19708,0.74221,0.30258,0.25936,0.29536,0.92557,0.46889,0.08633,0.46009,0.65532,0.31939,0.40285,0.33424,0.57414,0.27399,0.46606,0.28674,0.52289,0.17555,-0.46511,0.54869,0.17665,-0.46512
12.png,0,0.58902,0.12277,0.7473,0.27296,0.28647,0.27701,0.92447,0.44938,0.14267,0.44048,0.78125,0.27199,0.1291,0.46678,0.70617,0.22491,0.16572,0.44846,0.60451,0.10069,-0.47436,0.62141,0.10136,-0.47444
13.png,0,0.55666,0.17994,0.76093,0.28812,0.32141,0.27664,0.92466,0.43516,0.17124,0.41403,0.86465,0.25468,0.16748,0.4392,0.83542,0.20067,0.25244,0.46181,0.60863,0.15846,-0.41892,0.63074,0.15991,-0.41882
14.png,0,0.562,0.18314,0.70636,0.27877,0.27427,0.28146,0.9341,0.44644,0.17019,0.44744,0.68384,0.31091,0.4456,0.29583,0.5939,0.27104,0.51283,0.25181,0.57005,0.15949,-0.10578,0.58134,0.15785,-0.10587
15.png,0,0.49604,0.24821,0.73925,0.24449,0.29673,0.24129,0.89354,0.41443,0.19056,0.42999,0.60367,0.29939,0.43756,0.29588,0.50969,0.26712,100,100,0.5287,0.23505,-1.34436,0.54986,0.23389,-1.34415
16.png,0,0.52055,0.22476,0.70431,0.27517,0.29182,0.27372,0.92003,0.42862,0.17641,0.43403,0.70777,0.27028,0.35272,0.25964,0.62379,0.2288,0.37005,0.20289,0.54853,0.20231,-0.12687,0.56654,0.19994,-0.12674
17.png,0,0.59,0.23064,0.77589,0.24867,0.26918,0.2357,0.9247,0.40666,0.07448,0.37318,0.79188,0.20977,0.13324,0.42708,0.79262,0.15056,0.16875,0.4188,0.62897,0.20913,-0.71074,0.64834,0.20949,-0.71029
18.png,0,0.41294,0.1693,0.74425,0.27073,0.25501,0.26914,0.92133,0.3987,0.06812,0.39024,0.93255,0.431,0.06937,0.42818,0.87508,0.46182,0.15723,0.45233,0.46701,0.1488,-0.21875,0.49554,0.14975,-0.21867
19.png,0,0.62163,0.15672,0.73786,0.24999,0.2356,0.25971,0.90682,0.38651,0.07083,0.39348,0.95229,0.42666,0.05287,0.42544,0.89093,0.45585,0.12559,0.44951,0.61903,0.12899,-0.43215,0.62806,0.12726,-0.43224
2.png,0,0.72124,0.20468,0.84183,0.2628,0.38364,0.23595,0.95636,0.44417,0.21443,0.41492,0.96138,0.23617,0.3068,0.46285,0.95774,0.17154,0.37214,0.45632,0.77593,0.18898,-1.20619,0.79327,0.19267,-1.20614
20.png,0,0.41627,0.18772,0.70572,0.26567,0.1622,0.28731,0.88934,0.39495,0.09948,0.43291,0.94504,0.43845,0.33418,0.28947,0.87373,0.46575,0.39274,0.23854,0.43632,0.16279,-0.62321,0.4581,0.16047,-0.62318
21.png,0,0.3907,0.1806,0.67722,0.27108,0.19414,0.28989,0.87485,0.40681,0.13388,0.43978,0.90747,0.44821,0.31279,0.29077,0.84606,0.4705,0.37222,0.24228,0.42012,0.15745,0.19575,0.44088,0.15593,0.19576
22.png,0,0.47354,0.14147,0.75489,0.28427,0.21781,0.28822,0.91865,0.43078,0.106,0.44522,0.9338,0.44247,0.27194,0.27796,0.87087,0.45374,0.31024,0.23122,0.50922,0.1261,0.04502,0.53153,0.1272,0.04487
23.png,0,0.48052,0.25825,0.66969,0.23015,0.24403,0.25098,0.90027,0.40688,0.1197,0.42655,0.70377,0.21782,0.30166,0.23463,0.63501,0.15047,0.34087,0.17153,0.50041,0.24491,-0.79835,0.51933,0.24299,-0.79792
24.png,0,0.62163,0.15672,0.73786,0.24999,0.2356,0.25971,0.90682,0.38651,0.07083,0.39348,0.95229,0.42666,0.05287,0.42544,0.89093,0.45585,0.12559,0.44951,0.61903,0.12899,-0.43215,0.62806,0.12726,-0.43224
25.png,0,0.47645,0.23837,0.68854,0.20917,0.25835,0.22512,0.89382,0.3795,0.12968,0.40811,0.72476,0.20568,0.30173,0.20652,0.68664,0.13204,0.33528,0.13917,0.51055,0.22684,-1.79702,0.53524,0.22413,-1.79671
26.png,0,0.56898,0.14254,0.77132,0.27255,0.23784,0.28236,0.90483,0.40474,0.11162,0.41477,0.95882,0.44698,0.10712,0.43454,0.91145,0.46845,0.15492,0.43858,0.55801,0.12251,-0.04806,0.56964,0.12171,-0.0482
27.png,0,0.37059,0.15834,0.66879,0.24863,0.21874,0.29025,0.83784,0.38988,0.06918,0.42804,0.89951,0.42214,0.17284,0.23914,0.88189,0.45284,0.236,0.19195,0.38608,0.13013,-0.00439,0.40213,0.12729,-0.00462
28.png,0,0.31727,0.187,0.68353,0.2637,0.21026,0.29623,0.88063,0.40112,0.08483,0.43974,0.94103,0.42525,0.17246,0.25149,0.90792,0.44918,0.21734,0.1953,0.35658,0.15784,0.06558,0.38255,0.15497,0.06553
29.png,0,0.32784,0.15791,0.69169,0.27333,0.22602,0.28803,0.8683,0.40946,0.08389,0.43358,0.92284,0.43641,0.23393,0.25891,0.89108,0.46346,0.28111,0.21093,0.3936,0.13713,0.21928,0.42091,0.13844,0.2192
3.png,0,0.63865,0.15102,0.7954,0.27324,0.3437,0.24212,0.95127,0.4308,0.16618,0.41271,0.8335,0.25201,0.25053,0.44768,0.78442,0.19969,0.31102,0.44022,0.69567,0.13308,-0.88555,0.71448,0.13688,-0.88549
30.png,0,0.63347,0.16903,0.87205,0.29263,0.33502,0.27074,0.88694,0.4422,0.16713,0.40103,0.7107,0.27526,0.06272,0.44515,0.699,0.21685,0.07018,0.46192,0.70067,0.15405,-0.17049,0.72675,0.15688,-0.17037
31.png,0,0.94439,0.14266,0.94125,0.26025,0.43076,0.24649,0.97297,0.39433,0.25352,0.38488,0.91733,0.44945,0.17244,0.4419,0.82718,0.47384,0.19046,0.44889,0.93555,0.11734,-0.45385,0.93766,0.11702,-0.45411
32.png,0,0.5361,0.15477,0.82735,0.29033,0.34057,0.27158,1.01379,0.4169,0.15974,0.39575,0.62515,0.44229,0.0929,0.44463,0.47267,0.43316,0.08899,0.45311,0.6069,0.14131,-0.63695,0.63178,0.14472,-0.63679
33.png,0,0.57365,0.16624,0.81498,0.28343,0.30308,0.26682,0.99413,0.4173,0.1276,0.41792,0.60393,0.4402,0.09715,0.44191,0.44042,0.43134,0.10836,0.42945,0.62807,0.14534,-1.00883,0.65033,0.1482,-1.00868
34.png,0,0.63936,0.09249,0.96521,0.24983,0.38167,0.23398,1.10289,0.408,0.26906,0.41353,1.09037,0.52483,0.20401,0.4463,0.99314,0.53309,0.19961,0.43697,0.69164,0.06779,-0.95131,0.71828,0.06813,-0.9517
35.png,0,0.76807,0.1102,0.87585,0.25646,0.33528,0.24199,0.98661,0.42585,0.26603,0.43073,0.8645,0.23069,0.2236,0.44063,0.85449,0.16203,0.23523,0.42212,0.77595,0.08595,-0.73485,0.78855,0.08616,-0.73523
36.png,0,0.41459,0.15828,0.72634,0.26134,0.21966,0.26759,0.92443,0.38982,0.12542,0.42171,0.94554,0.51155,0.09218,0.45839,0.92591,0.54419,0.09662,0.45286,0.46008,0.13375,-1.0713,0.48381,0.13236,-1.07136
37.png,0,0.59142,0.13135,0.9012,0.22488,0.35692,0.2374,0.98815,0.43008,0.28357,0.45564,0.6037,0.43961,0.45865,0.25396,0.45899,0.446,0.51505,0.19614,0.64029,0.10293,-0.76991,0.66609,0.10196,-0.77032
38.png,0,0.19578,0.17446,0.52524,0.25783,0.08356,0.31814,0.67491,0.42707,0.06446,0.47308,0.82354,0.48322,0.24699,0.27278,0.84791,0.51344,0.20766,0.22194,0.19937,0.14699,-0.32273,0.2161,0.14299,-0.32299
4.png,0,0.64869,0.135,0.78374,0.26824,0.33429,0.22779,0.94357,0.42554,0.14334,0.3993,0.82965,0.24281,0.27881,0.4359,0.78165,0.18778,0.34572,0.42326,0.70199,0.11801,-0.66048,0.72123,0.12265,-0.66045
42.png,0,0.68319,0.13934,0.83503,0.27928,0.368,0.25197,0.92813,0.42294,0.2289,0.44134,0.97,0.45285,0.18557,0.43644,0.93992,0.475,0.13931,0.4178,0.72031,0.11769,-0.37892,0.73823,0.11956,-0.37931
43.png,0,0.65791,0.17456,0.82648,0.26647,0.3542,0.22466,0.91177,0.40836,0.11033,0.39301,0.95031,0.44712,0.09828,0.3041,0.90389,0.46787,0.11578,0.24545,0.71137,0.15465,-0.65432,0.73008,0.15828,-0.65471
44.png,0,0.67306,0.19944,0.79569,0.2694,0.37919,0.21647,0.8682,0.36828,0.11211,0.34803,0.91903,0.43618,0.14444,0.2539,0.89436,0.46689,0.20318,0.20538,0.73058,0.18813,-0.65133,0.74668,0.19438,-0.65157
46.png,0,0.34973,0.21772,0.70845,0.29697,0.30375,0.21168,0.84851,0.42308,0.2011,0.17317,0.88803,0.49945,0.12729,0.13164,0.82928,0.53937,0.09095,0.12463,0.38541,0.1972,-2.61292,0.41218,0.1984,-2.6129
47.png,0,0.48002,0.20291,0.82262,0.25843,0.35423,0.21774,0.95702,0.38184,0.20924,0.21309,0.9626,0.45292,0.15608,0.17586,0.89479,0.48257,0.14439,0.14841,0.52101,0.18531,-1.65981,0.55049,0.1871,-1.65952
5.png,0,0.63777,0.20392,0.78726,0.25935,0.34664,0.21904,0.93979,0.42957,0.13959,0.39632,0.85967,0.19549,0.29297,0.44093,0.87988,0.13087,0.37116,0.43865,0.69257,0.18739,-0.99038,0.70969,0.19177,-0.99034
53.png,0,0.46774,0.13729,0.65544,0.19432,0.23878,0.24572,0.93902,0.34359,0.09016,0.41519,0.54373,0.36752,0.29815,0.19795,0.42958,0.35432,0.28031,0.14597,0.46797,0.10162,-0.80054,0.48063,0.09622,-0.80061
55.png,0,0.37176,0.16626,0.60338,0.27365,0.21885,0.26374,0.71527,0.40664,-0.01049,0.33162,0.84633,0.45838,0.20094,0.22248,0.8888,0.47389,0.27682,0.18478,0.40646,0.14397,-0.55301,0.42629,0.1437,-0.55302
56.png,0,0.52266,0.1535,0.6658,0.26066,0.17442,0.27157,0.95387,0.34314,0.08651,0.41644,0.71617,0.2203,0.12999,0.46814,0.63735,0.18071,0.19805,0.49802,0.52938,0.12694,-0.70897,0.53893,0.12568,-0.70908
57.png,0,0.62728,0.16567,0.89103,0.25062,0.38352,0.25669,0.94719,0.43861,0.21122,0.41342,0.50286,0.45281,0.26724,0.46511,0.37882,0.44147,0.33751,0.49457,0.68257,0.14039,-1.27151,0.70533,0.14037,-1.27149
58.png,0,0.59425,0.1424,0.82349,0.27282,0.3242,0.24553,0.89366,0.43639,0.02942,0.34675,0.76345,0.45011,0.44371,0.27931,0.69695,0.43301,0.57803,0.28621,0.63198,0.12093,-0.65511,0.65017,0.12185,-0.65529
59.png,0,0.67631,0.12521,0.82397,0.29124,0.34718,0.24411,0.82608,0.43391,0.03321,0.18724,0.87077,0.45282,0.36478,0.10127,0.91143,0.4621,0.4712,0.08498,0.72114,0.1222,-0.42122,0.73472,0.12749,-0.42139
60.png,0,0.40875,0.11229,0.63609,0.23887,0.19894,0.28,0.97803,0.22217,0.07675,0.43773,0.71486,0.09762,0.22052,0.4714,0.61655,0.07783,0.29109,0.4713,0.38003,0.09824,-0.62345,0.38479,0.09755,-0.62341
7.png,0,0.39209,0.16864,0.65923,0.27804,0.21607,0.30081,0.87663,0.42896,0.16023,0.46088,0.89564,0.47071,0.33007,0.28587,0.82396,0.4891,0.35508,0.22675,0.397,0.14023,-0.36966,0.41093,0.13764,-0.36999
8.png,0,0.34159,0.17877,0.67788,0.28027,0.25078,0.29105,0.89587,0.41603,0.15745,0.45371,0.92334,0.44997,0.32449,0.26508,0.85163,0.47241,0.35692,0.21238,0.3967,0.15194,-0.35107,0.4292,0.15397,-0.35128
9.png,0,0.32917,0.17658,0.68642,0.28187,0.24008,0.29298,0.90416,0.42142,0.14562,0.45445,0.93092,0.45305,0.29148,0.27122,0.85225,0.47449,0.33446,0.21657,0.38745,0.14832,-0.53448,0.41486,0.14925,-0.53465
Screenshot_2023-04-29-22-27-16-128_com.facebook.orca.png,0,0.58219,0.16912,0.78549,0.26232,0.27709,0.25448,0.92557,0.40838,0.17429,0.40858,0.84591,0.4449,0.31129,0.44398,0.75162,0.45257,0.41415,0.44603,0.62235,0.14311,-1.1032,0.63999,0.14348,-1.10329
Screenshot_2023-04-29-22-27-22-018_com.facebook.orca.png,0,0.56999,0.16454,0.78898,0.26418,0.29056,0.26034,0.93212,0.41655,0.18697,0.4089,0.85268,0.44515,0.33282,0.4535,0.75062,0.45681,0.42529,0.45048,0.60283,0.14055,-1.02996,0.62167,0.14008,-1.03004
Screenshot_2023-04-29-22-27-52-253_com.facebook.orca.png,0,0.54143,0.18829,0.81103,0.27872,0.25606,0.27001,0.93554,0.4307,0.14421,0.42383,0.88344,0.46681,0.26817,0.4603,0.79141,0.47304,0.34277,0.46282,0.58716,0.16447,-1.62579,0.60966,0.164,-1.62583
Screenshot_2023-04-29-22-27-54-005_com.facebook.orca.png,0,0.56887,0.18512,0.8113,0.27613,0.26446,0.26446,0.92582,0.4304,0.13922,0.41655,0.87821,0.46631,0.2713,0.46166,0.79904,0.46642,0.3489,0.46367,0.61225,0.16174,-1.2545,0.63168,0.16094,-1.2545
Screenshot_2023-04-29-22-28-10-615_com.google.android.apps.tachyon.png,0,0.70549,0.20543,0.81695,0.26111,0.37492,0.22913,0.96108,0.4228,0.20586,0.3949,0.95183,0.22157,0.30598,0.44101,0.93179,0.16912,0.37812,0.43563,0.75636,0.19381,-0.73767,0.77241,0.19783,-0.73759
Screenshot_2023-04-29-22-28-14-390_com.google.android.apps.tachyon.png,0,0.68592,0.21182,0.81677,0.26802,0.38038,0.23467,0.9487,0.42714,0.22116,0.399,0.936,0.22367,0.25725,0.43286,0.92427,0.17291,0.3303,0.43078,0.73927,0.19619,-0.61289,0.75644,0.20015,-0.61284
Screenshot_2023-04-29-22-28-29-577_com.facebook.orca.png,0,0.56127,0.2311,0.78733,0.26443,0.29222,0.26602,0.87024,0.43712,0.12849,0.4206,0.62958,0.29156,0.35275,0.44914,0.573,0.24717,0.4338,0.441,0.60636,0.20515,-1.6853,0.62653,0.20313,-1.68512
Screenshot_2023-04-29-22-28-42-559_com.facebook.orca.png,0,0.6165,0.21765,0.77678,0.28272,0.31768,0.25606,0.93023,0.44267,0.14862,0.41289,0.76982,0.27151,0.31219,0.45796,0.72236,0.22363,0.39088,0.45638,0.65615,0.19658,-1.04515,0.67316,0.19659,-1.04509
Screenshot_2023-04-29-22-29-43-919_com.facebook.orca.png,0,0.41105,0.17801,0.66969,0.28422,0.22773,0.31585,0.88393,0.42756,0.15733,0.45688,0.90318,0.45953,0.34578,0.28723,0.84351,0.47895,0.38321,0.23623,0.42184,0.15617,-0.209,0.43829,0.15445,-0.20904
Screenshot_2023-04-29-22-29-49-026_com.facebook.orca.png,0,0.40808,0.17346,0.65196,0.27746,0.23006,0.31314,0.86859,0.42509,0.16673,0.45322,0.91037,0.45304,0.33958,0.28037,0.8429,0.4732,0.37371,0.22558,0.41703,0.14915,-0.20688,0.43323,0.14686,-0.2068
Screenshot_2023-04-29-22-30-02-801_com.facebook.orca.png,0,0.34329,0.19213,0.68041,0.29469,0.25007,0.30632,0.8858,0.42656,0.15971,0.45891,0.90268,0.46517,0.29446,0.28939,0.83255,0.48544,0.3432,0.23531,0.39904,0.16558,-0.57525,0.42419,0.16704,-0.57542
Screenshot_2023-04-29-22-30-04-537_com.facebook.orca.png,0,0.34266,0.19952,0.68175,0.30278,0.2418,0.31519,0.88749,0.4315,0.16465,0.46349,0.90534,0.46613,0.29192,0.29182,0.8375,0.48435,0.34285,0.24346,0.39734,0.17474,-0.56129,0.42272,0.17599,-0.56139
Screenshot_2023-04-29-22-30-17-091_com.facebook.orca.jpg,0,0.48406,0.19006,0.68781,0.27341,0.25387,0.30331,0.89,0.41854,0.12752,0.45582,0.9194,0.45584,0.18901,0.25357,0.85121,0.47631,0.20166,0.19877,0.48599,0.1633,-0.79323,0.49876,0.15965,-0.79335
Screenshot_2023-04-29-22-30-24-000_com.facebook.orca.png,0,0.49186,0.19362,0.71603,0.30517,0.28058,0.30242,0.89759,0.46007,0.12625,0.45241,0.63346,0.31838,0.41746,0.31689,0.56687,0.27697,0.46155,0.26815,0.53754,0.17206,-0.50836,0.55661,0.17342,-0.50828
Screenshot_2023-04-29-22-30-49-513_com.facebook.orca.png,0,0.61265,0.15929,0.73281,0.30071,0.30047,0.2922,0.90763,0.45008,0.17886,0.42997,0.77392,0.29163,0.15325,0.44675,0.70583,0.24994,0.2005,0.44893,0.61451,0.13638,-0.27615,0.62372,0.13602,-0.27614
Screenshot_2023-04-29-22-30-54-333_com.facebook.orca.png,0,0.59652,0.18022,0.74251,0.31024,0.32086,0.29531,0.89669,0.45379,0.17539,0.42594,0.72948,0.30526,0.17701,0.44844,0.6613,0.2666,0.24833,0.47115,0.62093,0.15886,-0.25798,0.63622,0.16022,-0.25781
Screenshot_2023-04-29-22-31-40-611_com.facebook.orca.png,0,0.46689,0.22929,0.7107,0.25476,0.26971,0.24627,0.89832,0.39405,0.17053,0.40003,0.62342,0.29229,0.40729,0.28499,0.54785,0.25882,0.48738,0.24765,0.50431,0.21384,-0.41708,0.52765,0.21271,-0.41673
Screenshot_2023-04-29-22-31-45-198_com.facebook.orca.png,0,0.47062,0.23235,0.70169,0.24674,0.28191,0.24686,0.90188,0.39307,0.15889,0.39623,0.62326,0.28577,0.41521,0.28069,0.54813,0.25419,0.49768,0.24442,0.50536,0.21683,-0.41037,0.52691,0.21667,-0.4101
Screenshot_2023-04-29-22-32-36-502_com.facebook.orca.png,0,0.40816,0.1729,0.70948,0.2509,0.19052,0.26917,0.90666,0.37762,0.13103,0.40985,0.94634,0.42146,0.32674,0.26547,0.87796,0.4424,0.38226,0.21713,0.43607,0.14967,-0.11787,0.45877,0.14805,-0.11789
Screenshot_2023-04-29-22-32-39-359_com.facebook.orca.png,0,0.44436,0.16557,0.71886,0.24975,0.20997,0.26722,0.90571,0.37794,0.14668,0.40813,0.9478,0.41654,0.3525,0.26225,0.87777,0.44051,0.39983,0.213,0.46389,0.14281,-0.16238,0.48376,0.14097,-0.16249
Screenshot_2023-04-29-22-34-16-717_com.facebook.orca.png,0,0.35602,0.18642,0.6799,0.26257,0.22483,0.29062,0.85943,0.38412,0.10398,0.42173,0.94228,0.41131,0.18399,0.24966,0.89453,0.43173,0.24895,0.19824,0.39009,0.16149,0.08485,0.40895,0.1596,0.08475
Screenshot_2023-04-29-22-35-23-736_com.facebook.orca.jpg,0,0.57692,0.15185,0.75468,0.28346,0.26519,0.27889,0.85236,0.4314,0.19437,0.45069,0.88963,0.48169,0.16013,0.45091,0.84515,0.50081,0.16169,0.44328,0.59197,0.12764,-0.46334,0.6076,0.12716,-0.46344
Screenshot_2023-04-29-22-36-01-214_com.facebook.orca.png,0,0.63212,0.16849,0.89524,0.25934,0.38931,0.26329,0.95319,0.45357,0.21521,0.42448,0.48812,0.4685,0.25554,0.48012,0.35269,0.4686,0.32916,0.51117,0.6888,0.14383,-0.83902,0.71118,0.14433,-0.83904
Screenshot_2023-04-29-22-36-04-962_com.facebook.orca.png,0,0.62856,0.16585,0.88934,0.25,0.38416,0.25449,0.94666,0.4415,0.21003,0.41158,0.49696,0.45339,0.26363,0.46649,0.36071,0.45132,0.33358,0.49532,0.68393,0.14145,-1.35058,0.70626,0.14138,-1.35052
Screenshot_2023-04-29-22-36-13-595_com.facebook.orca.png,0,0.6298,0.16462,0.87677,0.25491,0.38088,0.25644,0.94253,0.44521,0.25849,0.41399,0.58271,0.46446,0.27966,0.47228,0.42699,0.47692,0.35304,0.50138,0.68349,0.13905,-1.35492,0.70515,0.13962,-1.35494
Screenshot_2023-04-29-22-36-23-013_com.facebook.orca.png,0,0.65477,0.14615,0.89446,0.24824,0.36756,0.25069,0.96818,0.43678,0.22721,0.43007,0.60874,0.47212,0.24921,0.47087,0.45437,0.47086,0.30252,0.46551,0.70744,0.12122,-0.95525,0.73008,0.12193,-0.95539
Screenshot_2023-04-29-22-37-30-476_com.facebook.orca.png,0,0.26619,0.17504,0.54198,0.25198,0.15407,0.31099,0.67784,0.39363,0.09319,0.45053,0.80767,0.45795,0.24874,0.29074,0.82014,0.48379,0.22882,0.24074,0.25463,0.14883,-0.39792,0.26496,0.14344,-0.39811
Screenshot_2023-04-29-22-37-47-951_com.facebook.orca.png,0,0.24829,0.16838,0.53392,0.25098,0.13694,0.31278,0.68196,0.40873,0.10611,0.44999,0.79521,0.45942,0.27987,0.27073,0.81012,0.4813,0.25289,0.2202,0.23875,0.14217,-0.17783,0.24919,0.13868,-0.178
Screenshot_2023-04-29-22-38-18-217_com.facebook.orca.png,0,0.47715,0.46589,0.67663,0.60633,0.36977,0.63589,0.80074,0.36857,0.23636,0.40974,0.96776,0.11029,0.03855,0.21015,0.99749,0.04727,0.01893,0.1518,0.49314,0.41887,-0.58355,0.50703,0.41604,-0.58304
Screenshot_2023-04-29-22-38-21-045_com.facebook.orca.jpg,0,0.46487,0.44172,0.66927,0.6302,0.37638,0.66013,0.79175,0.38709,0.24493,0.43654,0.94175,0.13511,0.06893,0.23331,0.97356,0.05687,0.04784,0.17281,0.48508,0.40066,-0.50536,0.49991,0.39951,-0.50488
Screenshot_2023-04-29-22-40-17-811_com.facebook.orca.png,0,0.67597,0.19712,0.86054,0.28305,0.36432,0.24147,0.93833,0.39094,0.10239,0.3574,0.96777,0.44222,0.03743,0.3127,0.90886,0.46038,0.04991,0.28391,0.73106,0.18101,-1.1253,0.75029,0.18362,-1.12576
Screenshot_2023-04-29-22-40-26-231_com.facebook.orca.png,0,0.66141,0.16538,0.84615,0.28033,0.35994,0.23765,0.91978,0.39689,0.10307,0.35092,0.94643,0.43473,0.04402,0.30832,0.90799,0.45389,0.06376,0.2649,0.72557,0.14882,-0.62694,0.74478,0.15236,-0.6272
Screenshot_2023-04-29-22-40-30-666_com.facebook.orca.png,0,0.67321,0.16177,0.85717,0.27753,0.37471,0.23159,0.92602,0.39687,0.11872,0.32968,0.96028,0.43102,0.07507,0.30514,0.91506,0.45425,0.09488,0.26892,0.72976,0.14704,-0.59058,0.74852,0.15023,-0.59089
Screenshot_2023-04-29-22-40-34-943_com.facebook.orca.png,0,0.70698,0.20484,0.84072,0.26267,0.38851,0.21283,0.93528,0.35334,0.09768,0.33206,0.95253,0.41814,0.14333,0.24536,0.91061,0.44123,0.20535,0.20282,0.76811,0.19355,-0.78523,0.7876,0.19872,-0.78548
Screenshot_2023-04-29-22-40-44-703_com.facebook.orca.png,0,0.69393,0.18594,0.84843,0.27752,0.38506,0.23095,0.95614,0.39466,0.08011,0.35652,0.97354,0.42875,0.09896,0.27834,0.91914,0.4475,0.15645,0.24125,0.74475,0.16926,-0.55584,0.76279,0.17275,-0.5563
Screenshot_2023-04-29-22-41-55-902_com.google.android.apps.tachyon.png,0,0.72395,0.18952,0.84019,0.27295,0.3584,0.25996,0.9236,0.41279,0.02866,0.34896,0.9458,0.46516,0.10519,0.25431,0.90021,0.48143,0.18393,0.23551,0.75785,0.16491,-0.61839,0.77234,0.16457,-0.61851
Screenshot_2023-04-29-22-42-13-188_com.google.android.apps.tachyon.png,0,0.49207,0.21544,0.84753,0.26435,0.37718,0.22723,0.97161,0.37786,0.2167,0.22587,0.97995,0.44621,0.17211,0.20071,0.9181,0.47591,0.17849,0.16393,0.52991,0.19722,-1.46613,0.55308,0.19823,-1.46583
Screenshot_2023-04-29-22-47-36-059_com.facebook.orca.png,0,0.42464,0.1139,0.68027,0.23906,0.21883,0.27677,1.02109,0.21511,0.09108,0.43082,0.74574,0.10304,0.23471,0.45868,0.63722,0.08547,0.30715,0.45753,0.38872,0.10353,-0.46506,0.39409,0.10332,-0.46507
